Hoang,SnakeType,16/01/23 09:46:17
Hoang,SnakeType,19/01/23 11:03:16
Hoang,SnakeType,19/01/23 11:06:18
Hoang,SnakeType,19/01/23 11:08:26
Hoang,SnakeType,19/01/23 11:09:31
Hoang,SnakeType,19/01/23 11:25:13
Hoang,SnakeType,19/01/23 11:26:20
Hoang,SnakeType,19/01/23 11:29:45
Hoang,SnakeType,19/01/23 11:30:07
Hoang,SnakeType,19/01/23 11:35:46
Hoang,SnakeType,19/01/23 11:35:57
Hoang,SnakeType,19/01/23 11:36:19
Hoang,SnakeType,19/01/23 11:36:31
Hoang,SnakeType,19/01/23 11:37:07
Hoang,SnakeType,19/01/23 11:38:12
Hoang,SnakeType,19/01/23 20:43:41
Hoang,SnakeType,19/01/23 20:44:17
