Hoang,SnakeType,20/01/23 01:13:23
Hoang,SnakeType,20/01/23 01:16:27
Minh,SnakeType,20/01/23 01:19:02
Minh,SnakeType,20/01/23 01:25:07
Minh,SnakeType,20/01/23 01:26:30
Minh,SnakeType,20/01/23 01:26:54
Minh,SnakeType,20/01/23 01:31:25
Minh,SnakeType,20/01/23 01:33:29
Minh,SnakeType,20/01/23 01:33:57
Minh,SnakeType,20/01/23 01:50:36
Minh,SnakeType,20/01/23 01:50:36
Minh,SnakeType,20/01/23 01:50:36
Minh,SnakeType,20/01/23 01:50:36
Minh,SnakeType,20/01/23 01:50:36
Minh,SnakeType,20/01/23 01:50:36
Minh,SnakeType,20/01/23 01:50:36
Minh,SnakeType,20/01/23 01:50:36
Minh,SnakeType,20/01/23 01:50:36
Minh,SnakeType,20/01/23 01:56:23
Minh,SnakeType,20/01/23 01:57:51
Minh,SnakeType,20/01/23 01:58:31
Minh,SnakeType,20/01/23 01:58:42
Minh,SnakeType,20/01/23 01:59:29
Minh,SnakeType,20/01/23 02:00:43
Minh,SnakeType,20/01/23 02:01:01
Minh,SnakeType,20/01/23 02:01:12
Minh,SnakeType,20/01/23 02:01:45
Minh,SnakeType,20/01/23 02:02:35
